"validName","species","max_lat","min_lat","med_lat","bio1_range","bio1_sd","bio1_mean","dietBreadth","voltinism","minWingspan","maxWingspan","notes","geoPF","notes.1","X"
"Acrolophus arcanella","Acrolophus arcanella",42.4324038,30.1986441,38.6285565,23.21666765,4.25480335,13.50312012,"unk","multi",13,16,"TL","","",""
"Acrolophus forbesi","Acrolophus forbesi",32.5262223,27.2025,29.707171,6.5,1.831491582,20.58310823,"unk","uni",16,18,"WS","p","",""
"Acrolophus heppneri","Acrolophus heppneri",30.5234202,27.3169588,30.09823,8.0625,1.414275681,20.51781439,"multiFamily","multi",7,12,"TL","","",""
"Acrolophus mycetophagus","Acrolophus mycetophagus",35.1831851,29.6261606,30.4545485,13.85000038,1.971739432,18.84554945,"Bracket Fungi","multi",7,13,"TL","p","",""
"Acrolophus plumifrontella","Acrolophus plumifrontella",40.32568,29.7196536,35.3521,17.54166698,3.444998309,15.36173797,"unk","multi",14,16,"TL","","",""
"Acrolophus texanella","Acrolophus texanellus",36.0439534,27.8805309,30.6018085,17.74166584,2.82773013,18.43743514,"Family","multi",11,13,"TL","p","missing?","Acrolophus texanellus"
"Acronicta afflicta","Acronicta afflicta",42.707193,30.382213,36.354,18.98333263,4.483859072,13.77415965,"Genus","multi",18,22,"TL","p","",""
"Acronicta americana","Acronicta americana",45.3874795,35.4088645,41.3760355,24.65416747,3.76597324,9.922298224,"multiFamily","multi",27,38,"TL","p","",""
"Acronicta oblinita","Acronicta oblinita",45.3701214,34.6181682,41.247291,27.20833325,4.339474166,10.55780623,"multiFamily","multi",20,28,"TL","p","",""
"Acronicta rubicoma","Acronicta rubricoma",40.5006407,29.2356741,30.5716745,18.00000048,4.078130259,17.11757847,"multiFamily","multi",20,24,"TL","p","missing?","Acronicta rubricoma"
"Acronicta vinnula","Acronicta vinnula",44.5715994,30.0982048,34.236206,20.82500029,5.238110963,14.31158156,"Family","multi",15,17,"TL","p","",""
"Actias luna","Actias luna",45.1722719,31.2430383,38.562246,25.39583266,5.002328096,12.07090802,"multiFamily","multi",75,105,"WS","p","",""
"Aglossa caprealis","Aglossa caprealis",52.075706,36.9758,43.781588,18.56250048,3.431323042,12.19643169,"multiFamily","multi",12,14,"TL","p","",""
"Agrotis ipsilon","Agrotis ipsilon",57.326488,33.941782,47.37795,38.66250038,4.096596845,9.810498268,"multiFamily","multi",21,24,"TL","p","",""
"Allotria elonympha","Allotria elonympha",41.0984202,32.5741371,37.2454475,22.32083291,2.954063912,13.42785014,"Genus","multi",18,24,"TL","p","",""
"Amolita fessa","Amolita fessa",45.159928,30.3177261,42.467745,21.92499948,4.843126582,9.911367066,"Family","multi",13,17,"TL","p","",""
"Amolita obliqua","Amolita obliqua",34.934,27.18,30.48495,9.449999809,2.528256233,19.04197653,"unk","multi",9,11,"TL","","",""
"Amorpha juglandis","Amorpha juglandis",43.3136798,29.8305316,35.4910555,22.98750073,4.89094261,14.43675834,"multiFamily","multi",30,40,"TL","p","",""
"Amphipyra pyramidoides","Amphipyra pyramidoides",45.383478,35.829253,42.277778,23.93333375,3.6132221,9.557639912,"multiFamily","multi",23,28,"TL","p","",""
"Amyna stricta","Amyna stricta",33.0659552,26.5767127,30.24481,23.31666708,2.925934838,19.47749054,"multiFamily","multi",12,14,"TL","p","",""
"Anavitrinella pampinaria","Anavitrinella pampinaria",44.9027008,32.4887221,40.610722,25.38749966,4.467589773,11.14060194,"multiFamily","multi",23,34,"WS","","",""
"Anicla infecta","Anicla infecta",39.078,27.231,32.8497,27.15833,3.84,17.6855,"multiFamily","multi",17,20,"TL","","",""
"Anisota virginiensis","Anisota virginiensis",44.6374225,28.0606701,32.869019,23.79166645,6.236096,15.923281,"Genus","multi",20,35,"TL","p","",""
"Anomis illita","Anomis illita",30.0982302,8.7427866,10.990357,26.70416743,3.860350289,22.34262519,"Family","multi",16,18,"WS","p","",""
"Antheraea polyphemus","Antheraea polyphemus",46.3170048,29.7810886,39.11766,29.27083278,5.603338887,12.50721371,"multiFamily","multi",100,150,"WS","p","",""
"Anticarsia gemmatalis","Anticarsia gemmatalis",39.4255293,10.4419144,30.417926,25.08750057,4.809325719,18.15409881,"multiFamily","multi",33,40,"WS","p","",""
"Apantesis nais","Apantesis nais",44.5483096,33.3617346,40.254208,22.42499888,4.096765372,11.49626311,"multiFamily","multi",16,22,"TL","","",""
"Apantesis phalerata","Apantesis phalerata",43.3814989,27.6490201,38.7101275,23.69583368,5.285031261,13.72685017,"multiFamily","multi",16,22,"TL","","",""
"Apantesis vittata","Apantesis vittata",40.4978452,29.6049742,34.458197,20.512501,3.8788637,16.28951949,"multiFamily","multi",16,22,"TL","","",""
"Apoda rectilinea","Apoda rectilinea",32.2451833,27.2093,29.6683695,8.970833778,2.015680312,20.46139944,"unk","multi",10,12,"TL","p","",""
"Apoda y-inversa","Apoda y-inversa",42.9914484,30.8374392,36.74,19.87916613,4.30963901,13.60548954,"multiFamily","multi",11,15,"TL","p","",""
"Argyrogramma verruca","Argyrogramma verruca",35.898017,10.3310369,29.799551,24.63750052,4.1968408,19.91052157,"multiFamily","multi",16,19,"TL","p","",""
"Argyrostrotis anilis","Argyrostrotis anilis",45.0870646,31.5164844,36.439203,21.55416653,4.878902276,13.03218086,"multiFamily","multi",15,20,"TL","p","",""
"Argyrostrotis flavistriaria","Argyrostrotis flavistriaria",34.75742,30.1384126,30.720324,6.337500572,1.281678801,18.71666671,"Species","multi",15,17,"TL","p","",""
"Artace cribrarius","Artace cribrarius",39.6857588,27.6490298,35.1484375,18.21250057,4.320818246,16.21118406,"multiFamily","multi",14,31,"TL","p","",""
"Automeris io","Automeris io",44.442519,26.118997,35.54977,28.29166698,5.981888163,14.83282479,"multiFamily","multi",50,80,"WS","","",""
"Bellura gortynoides","Bellura gortynoides",46.311925,28.4384636,41.990885,22.20000052,6.093678494,10.9112455,"Species","multi",19,27,"TL","p","",""
"Bellura obliqua","Bellura obliqua",49.60852,41.056462,44.947506,24.61249983,3.903563099,7.191429431,"Genus","multi",22,28,"TL","p","",""
"Blepharomastix ranalis","Blepharomastix ranalis",43.1142461,30.6375772,37.828274,21.22916698,4.391469116,13.02934894,"Genus","multi",16,20,"WS","p","",""
"Caenurgia chloropha","Caenurgia chloropha",35.827496,29.0373148,32.521389,19.27083349,2.762329995,18.04198875,"multiFamily","multi",17,22,"TL","p","",""
"Callopistria cordata","Callopistria cordata",46.9174708,34.7990711,44.710169,23.47916758,4.376640559,7.456334157,"multiFamily","multi",15,16,"TL","p","",""
"Callopistria floridensis","Callopistria floridensis",42.0116545,9.0320855,27.5476895,22.79166603,5.575134069,19.26781552,"multiFamily","multi",15,16,"TL","p","",""
"Callopistria granitosa","Callopistria granitosa",34.79566,28.30063508,30.711,10.85833263,2.104204768,19.06872215,"multiFamily","multi",15,15,"TL","p","",""
"Callopistria mollissima","Callopistria mollissima",45.8897074,35.5444782,43.1319065,20.73749912,3.75466474,8.461189312,"multiFamily","multi",15,15,"TL","p","",""
"Catocala amica","Catocala amica",42.831082,29.864516,39.9581,19.5333333,4.682203152,13.10191083,"Genus","uni",17,24,"TL","p","",""
"Catocala andromedae","Catocala andromedae",42.37899614,31.3483106,40.64727,16.63749886,3.898005892,12.223536,"Family","uni",22,24,"TL","p","",""
"Catocala clintonii","Catocala clintonii",44.3753292,29.7402168,34.653,20.84166658,4.969974569,14.53571424,"multiFamily","uni",25,29,"TL","p","",""
"Catocala connubialis","Catocala connubialis",43.3419951,30.5297884,39.2938945,19.10416698,4.60876375,12.79204766,"Genus","uni",20,25,"TL","p","",""
"Catocala ilia","Catocala ilia",43.6330966,30.2637466,38.764416,24.98750067,4.521195804,12.82479382,"Genus","uni",34,45,"TL","p","",""
"Catocala lacrymosa","Catocala lacrymosa",40.4003055,33.1914724,36.123104,14.22916603,2.596746561,14.40409873,"Genus","uni",32,43,"TL","p","",""
"Catocala lineella","Catocala lineella",43.6989166,30.4182855,41.334665,18.6916666,4.445435381,11.5957752,"Genus","uni",22,24,"TL","p","",""
"Catocala micronympha","Catocala micronympha",41.9921,29.614302,32.878355,18.5333333,4.672342355,15.69521038,"genus","single",17,26,"TL","","",""
"Catocala piatrix","Catocala piatrix",43.3705282,32.8457775,39.292034,19.40833378,3.52684867,12.16817377,"Family","uni",36,44,"TL","p","",""
"Catocala similis","Catocala similis",43.7540623,29.7190999,39.8940895,18.96249962,5.043019075,13.03466446,"genus","single",20,25,"TL","","",""
"Celiptera frustulum","Celiptera frustulum",41.8961195,32.524259,36.7436565,19.90416574,3.477810594,13.68009758,"Species","multi",19,21,"TL","p","",""
"Ceratomia undulosa","Ceratomia undulosa",45.5502639,31.7123285,42.658817,33.8166666,5.256108466,9.934677856,"multiFamily","multi",45,60,"TL","p","",""
"Ceratonyx satanaria","Ceratonyx satanaria",34.986358,29.669394,32.803906,11.02916622,2.224844462,17.57241605,"Genus","uni",22,24,"TL","p","",""
"Tecmessa scitiscripta","Cerura scitiscripta",45.6490328,33.9309507,40.740035,18.36250079,4.591491221,11.10374995,"Family","multi",15,22,"TL","p","missing?","Cerura scitiscripta"
"Chaetaglaea tremula","Chaetaglaea tremula",42.5290904,30.4044196,40.0144,16.57916641,4.101659795,12.54969882,"multiFamily","uni",20,22,"TL","p","",""
"Charadra deridens","Charadra deridens",45.5458216,31.9469968,39.109193,23.87500036,5.093667037,11.48308715,"multiFamily","multi",20,24,"TL","p","",""
"Cisseps fulvicollis","Cisseps fulvicollis",44.9028248,31.560553,40.438431,31.92500019,4.693590681,11.35727756,"multiFamily","multi",16,20,"TL","p","",""
"Citheronia sepulcralis","Citheronia sepulcralis",39.6533688,29.6685322,34.4646,16.91666651,3.587614554,15.90227419,"Genus","multi",70,135,"WS","p","",""
"Clemensia ochreata","Clemensia ochreata",33.2305478,29.43511,29.748575,8.004167557,1.665971998,19.50307028,"multiFamily","multi",10,13,"TL","p","",""
"Clepsis peritana","Clepsis peritana",41.93,30.098431,33.881298,27.04166611,4.40297493,15.81985416,"multiFamily","multi",6,8,"TL","p","micromoth?",""
"Colobochyla interpuncta","Colobochyla interpuncta",44.3379853,29.7733457,34.7691,21.39999866,5.43757393,14.20781881,"Genus","multi",11,13,"TL","p","",""
"Condica confederata","Condica confederata",38.9597406,19.6697531,30.535031,15.6291666,3.653656355,18.85814734,"Species","multi",18,22,"TL","p","",""
"Condica mobilis","Condica mobilis",34.8742793,4.9251593,25.8056795,20.1875,3.993633289,20.86666668,"Species","multi",15,22,"TL","p","",""
"Condica sutor","Condica sutor",39.21718,10.276723,29.818272,24.97083306,4.854187276,19.22521806,"Family","multi",16,18,"TL","p","",""
"Condica vecors","Condica vecors",44.3389678,32.2431294,39.257984,21.72916675,4.301335753,12.14561724,"Genus","multi",16,18,"TL","p","",""
"Condica videns","Condica videns",43.6978909,28.4342384,32.7634925,22.12499881,5.502581085,15.48133852,"Family","multi",13,18,"TL","p","",""
"Copivaleria grotei","Psaphida grotei",45.2165075,30.3502371,42.301796,20.87083316,5.467969823,10.76273147,"Genus","uni",21,21,"TL","p","",""
"Cosmosoma myrodora","Cosmosoma myrodora",30.898553,27.648976,29.937456,14.94166565,1.417770481,20.43547227,"Species","multi",30,35,"WS","p","",""
"Cossula magnifica","Cossula magnifica",35.3478658,29.3840566,32.574142,11.29166603,2.16031103,18.09540958,"multiFamily","uni",18,24,"TL","p","",""
"Costaconvexa centrostrigaria","Costaconvexa centrostrigaria",43.9248049,31.2699913,38.9262235,22.80833232,4.462412037,12.84009964,"multiFamily","multi",17,23,"WS","","",""
"Crambus satrapellus","Crambus satrapellus",38.679254,27.7316502,30.236111,15.36666679,3.403179719,19.00424529,"Family","multi",14,18,"TL","p","",""
"Cryptothelea gloverii","Cryptothelea gloverii",30.7059464,26.17728,28.059537,21.08333206,1.996332892,21.15738683,"multiFamily","multi",14,18,"WS","p","micromoth?",""
"Cutina aluticolor","Cutina aluticolor",34.84,29.668318,30.2224725,9.962500572,2.122749445,18.8494049,"Genus","multi",20,22,"WS","p","",""
"Cutina distincta","Cutina distincta",34.8644048,29.6683664,31.723056,12.72083378,2.105224719,18.45581589,"Genus","multi",12,14,"TL","p","",""
"Cyclophora myrtaria","Cyclophora myrtaria",36.07579,27.6910552,31.213551,17.49166679,3.06046619,18.5528418,"multiFamily","multi",24,27,"WS","p","",""
"Cymatophora approximaria","Cymatophora approximaria",34.441096,29.6682039,32.574141,9.075000763,1.706032052,18.0877133,"multiFamily","uni",34,51,"WS","p","",""
"Darapsa myron","Darapsa myron",43.4498245,30.3821806,38.2023285,25.22916637,4.50647558,13.15392336,"Family","multi",28,38,"TL","p","",""
"Dasychira manto","Dasychira manto",36.1340001,30.0142914,32.340334,11.25416756,2.449043003,17.54692038,"Genus","multi",17,26,"TL","p","",""
"Dasychira meridionalis","Dasychira meridionalis",35.4248532,25.8205844,29.660588,19.83333302,3.527475179,20.18126673,"Genus","multi",17,28,"TL","p","",""
"Dasychira tephra","Dasychira tephra",40.6511979,30.0982277,33.8256,20.84583282,3.790758104,15.93431361,"genus","multi",17,27,"TL","","",""
"Datana contracta","Datana contracta",42.89994599,32.7808787,39.297257,15.67083263,3.470086061,12.37035712,"multiFamily","multi",21,27,"TL","","",""
"Datana integerrima","Datana integerrima",43.297137,30.7166592,38.403047,18.19583368,4.172705266,13.24110146,NA,NA,NA,NA,NA,NA,NA,NA
"Datana major","Datana major",39.7354361,30.4323514,34.7948075,14.70416689,3.185780273,15.71114472,"Family","multi",21,27,"TL","","",""
"Datana ministra","Datana ministra",46.67368,34.556915,42.7737,22.90833275,4.735846514,9.141495167,NA,NA,NA,NA,NA,NA,NA,NA
"Datana ranaeceps","Datana ranaeceps",40.023661,28.9454618,33.166077,11.32083321,4.053630369,16.3803819,NA,NA,NA,NA,NA,NA,NA,NA
"Deidamia inscriptum","Deidamia inscriptum",44.3842132,30.2667296,41.255181,18.35000086,4.775523833,11.46562148,"Family","uni",25,38,"TL","p","",""
"Desmia maculalis","Desmia maculalis",44.123,32.416,38.89,26.958,4.21614,12.37,"multiFamily","multi",20,25,"WS","p","",""
"Desmia funeralis","Desmia funeralis",44.1228293,32.4162646,38.8923335,26.95833284,4.216147463,12.37456159,"multiFamily","multi",25,30,"WS","","",""
"Diacme adipaloides","Epipagis adipaloides",44.5315966,31.1840275,40.4937445,21.65416574,4.930598543,11.61436345,"unk","multi",18,20,"WS","p","",""
"Dioryctria amatella","Dioryctria amatella",35.069014,30.1554928,32.857026,11.58333302,1.902187055,17.81298071,"Species","multi",12,16,"TL","p","",""
"Disclisioprocta stellata","Disclisioprocta stellata",37.3916256,20.084887,32.978402,23.77500057,3.213868007,17.3303137,"multiFamily","multi",25,33,"WS","","",""
"Dolba hyloeus","Dolba hyloeus",43.428063,29.97733,34.624391,21.42916584,5.059620879,14.82326112,"multiFamily","multi",30,35,"TL","p","",""
"Dryocampa rubicunda","Dryocampa rubicunda",45.4941208,34.5030576,41.22078,23.29999989,4.263860156,10.01252128,"multiFamily","multi",26,28,"TL","p","",""
"Eacles imperialis","Eacles imperialis",44.1819445,19.441565,35.9992865,29.18333423,5.224796991,14.46088336,"multiFamily","multi",80,174,"WS","p","",""
"Ectropis crepuscularia","Ectropis crepuscularia",60.786685,42.6630114,52.013222,30.29166722,2.928749217,8.09731283,"multiFamily","multi",26,37,"WS","p","",""
"Elaphria chalcedonia","Elaphria chalcedonia",35.6243086,27.6489788,30.740232,21.14583302,3.023537541,18.58667853,"Genus","multi",12,14,"TL","p","",""
"Elaphria versicolor","Elaphria versicolor",46.119478,32.6849396,40.463806,21.46666706,4.79128471,10.62871251,"unk","multi",14,14,"TL","p","",""
"Ellida caniplaga","Ellida caniplaga",45.20012,35.7000004,42.631543,17.85416651,3.225079179,8.6135,"Genus","multi",19,24,"TL","p","",""
"Enigmogramma basigera","Enigmogramma basigera",39.2056666,27.6205838,30.448972,24.86666703,4.349965138,18.0041404,"Species","multi",16,19,"TL","p","",""
"Ephyrodes cacata","Ephyrodes cacata",28.2522744,7.1940082,11.03,13.82499981,2.473106022,23.71643084,NA,"uni",NA,NA,NA,"p","Ephyrodes implens",""
"Epidromia rotundata","Epidromia rotundata",30.4418429,19.3376831,27.8273445,12.82083321,2.51307981,22.41204779,"unk","multi",40,45,"WS","p","",""
"Epimecis hortaria","Epimecis hortaria",40.9274175,32.6849574,37.217436,18.07500029,2.896443702,13.51661567,"multiFamily","multi",43,57,"WS","","",""
"Euchlaena amoenaria","Euchlaena amoenaria",39.641989,32.5734866,35.829202,12.17083263,2.513293835,14.32079521,"unk","multi",30,50,"WS","","",""
"Euchlaena deplanaria","Euchlaena deplanaria",35.817422,30.023959,32.791813,15.40833282,2.906809488,17.18373659,"unk","multi",26,37,"WS","","",""
"Euchlaena madusaria","Euchlaena madusaria",51.9898,33.8835139,44.388055,25.13750041,5.199604084,8.526372922,"multiFamily","multi",26,37,"WS","p","",""
"Euchlaena obtusaria","Euchlaena obtusaria",50.66,31.8787954,39.09361,21.73333377,5.776250451,11.29919924,"multiFamily","multi",27,48,"WS","p","",""
"Euchlaena pectinaria","Euchlaena pectinaria",42.357155,31.5121267,35.8382395,17.90416694,3.710653955,13.86061696,"Genus","multi",30,49,"WS","p","",""
"Euclea delphinii","Euclea delphinii",44.8482202,30.9418454,41.139611,21.99583387,4.869519521,10.9633473,"multiFamily","multi",10,15,"TL","","",""
"Eudryas grata","Eudryas grata",44.3258113,35.2574602,40.164591,20.55416656,3.36452536,10.60588788,"Family","multi",24,24,"TL","p","",""
"Eulithis diversilineata","Eulithis diversilineata",44.477415,32.6609415,40.3925,22.28333396,4.16235226,11.31960456,"Family","multi",28,33,"WS","","",""
"Eupragia hospita","Eupragia hospita",33.81492,29.607048,30.442548,6.424999237,1.580080673,19.1300153,"unk","multi",9,11,"TL","p","",""
"Eusarca confusaria","Eusarca confusaria",44.7056384,33.3064419,40.275188,21.77916622,3.988034252,10.90221848,"Family","multi",30,40,"WS","","",""
"Eutrapela clemataria","Eutrapela clemataria",45.840839,32.5741306,40.582792,22.40000073,5.050969176,10.85905062,"multiFamily","multi",38,56,"WS","","",""
"Feltia subterranea","Feltia subterranea",37.530297,27.672249,32.813971,22.50833416,3.04025934,18.07961214,"multiFamily","multi",21,24,"TL","p","",""
"Galgula partita","Galgula partita",42.390899,29.895542,35.103354,24.78333271,4.403441862,15.42865228,"Genus","multi",11,13,"TL","p","",""
"Glena cribrataria","Glena cribrataria",42.3788948,32.5139446,35.977168,21.65833306,3.907867867,13.47367804,"multiFamily","multi",23,31,"WS","p","",""
"Glenoides texanaria","Glenoides texanaria",41.4833842,29.6685392,34.581582,17.0999999,4.284978266,15.14383556,"unk","multi",15,22,"WS","p","",""
"Halysidota tessellaris","Halysidota tessellaris",45.2001055,34.0243225,40.1844805,26.47083443,4.039290586,10.67219876,"multiFamily","multi",22,25,"TL","","",""
"Hammaptera parinotata","Hammaptera parinotata",32.3117361,26.1597576,29.8844185,14.75833416,1.954520326,20.20046143,"unk","multi",18,22,"WS","p","",""
"Harrisimemna trisignata","Harrisimemna trisignata",46.1435551,31.518691,41.8197355,23.35416652,5.19499063,10.19846126,"multiFamily","multi",17,20,"TL","p","",""
"Hemeroplanis scopulepes","Hemeroplanis scopulepes",35.0764056,10.86,28.664423,19.30000019,3.731587768,20.64215845,"Genus","multi",20,25,"WS","p","",""
"Herpetogramma bipunctalis","Herpetogramma bipunctalis",38.9871072,26.5767288,30.5726305,24.14583349,3.991621473,18.14220717,"multiFamily","single",23,25,"WS","","",""
"Herpetogramma fluctuosalis","Herpetogramma fluctuosalis",39.0566012,29.3125696,33.338136,15.97916698,3.14555666,17.1248925,"multiFamily","multi",22,25,"WS","","",""
"Herpetogramma phaeopteralis","Herpetogramma phaeopteralis",34.3018528,10.6230296,29.656116,25.95833278,3.984583753,20.40429173,"Family","multi",18,24,"WS","p","",""
"Herpetogramma theseusalis","Herpetogramma theseusalis",44.3314224,34.8923388,39.632496,17.28333378,4.119873955,11.55557357,"multiFamily","multi",29,35,"WS","p","missing?",""
"Heterocampa astarte","Heterocampa astarte",32.8145938,26.246926,29.534435,8.904166222,1.943649056,21.11265577,"unk","multi",24,26,"TL","p","",""
"Heterocampa biundata","Heterocampa biundata",45.98192836,33.163592,41.0381745,24.8458333,5.343486014,11.13410815,"multiFamily","multi",25,30,"TL","p","Cecrita biundata",""
"Heterocampa obliqua","Heterocampa obliqua",42.7193915,30.9002439,37.1559535,17.89999962,4.09514723,13.42856173,"genus","multi",20,28,"TL","","",""
"Heterocampa subrotata","Heterocampa subrotata",41.9707003,31.5065689,36.7436565,18.29583454,4.069432002,13.94077377,"Genus","multi",16,20,"TL","p","",""
"Heterocampa umbrata","Heterocampa umbrata",45.9223264,30.1390269,40.707616,23.40416741,5.816814719,11.22348829,"Genus","multi",23,33,"TL","p","",""
"Homophoberia apicosa","Neoerastria apicosa",44.7731461,29.9847184,38.523704,19.83333206,5.245450737,13.12871821,"species","multi",11,13,"TL","","",""
"Homophoberia cristata","Homophoberia cristata",42.8047534,38.8267073,41.382,20.36666727,3.480620625,10.54507112,"Species","uni",14,17,"TL","p","",""
"Hypagyrtis esther","Hypagyrtis esther",43.81992,32.4937221,36.5268065,23.41250062,4.339889143,13.03936519,"Genus","multi",25,45,"WS","p","",""
"Hypagyrtis unipunctata","Hypagyrtis unipunctata",44.2671554,32.878554,39.270316,19.93749988,3.935270488,11.87780262,"multiFamily","multi",20,47,"WS","","",""
"Hyparpax perophoroides","Hyparpax perophoroides",31.36417,27.182366,28.6581875,4.766666412,1.469756755,21.11678937,"Genus","multi",17,19,"TL","p","",""
"Hypena baltimoralis","Hypena baltimoralis",45.3337967,34.6959214,41.4306835,21.40416694,3.907190646,9.968603588,"Genus","multi",16,18,"TL","p","missing?",""
"Hypena degesalis","Hypena degesalis",32.6470296,26.31365,29.748272,11.4375,2.179809593,20.35991382,"unk","uni",12,14,"TL","p","",""
"Hypena manalis","Hypena manalis",44.4207616,32.521389,40.349937,19.66666555,4.305004725,11.54448444,"Species","multi",13,16,"TL","p","",""
"Hypena palparia","Hypena palparia",46.836354,32.788461,41.420969,20.89999969,5.292442773,10.45625572,"multiFamily","multi",15,19,"TL","","",""
"Hypenula cacuminalis","Hypenula cacuminalis",31.5413706,25.9919044,29.669008,18.53750038,3.078124185,20.0171035,"detritus","multi",15,16,"TL","","",""
"Hypomecis umbrosaria","Hypomecis umbrosaria",40.2601066,30.8172804,34.105221,12.78333378,3.031172385,15.34152942,"multiFamily","multi",26,40,"WS","","",""
"Hypoprepia fucosa","Hypoprepia fucosa",45.549857,31.5821045,42.1834575,22.41666681,5.032696252,10.29952678,"multiFamily","multi",14,18,"TL","","",""
"Hypoprepia miniata","Hypoprepia miniata",47.3248389,31.8107108,40.0888175,26.74166775,5.204428765,10.83084323,"multiFamily","multi",15,21,"TL","p","",""
"Hypsopygia nostralis","Hypsopygia nostralis",58.359624,32.574267,46.873225,35.13333321,4.411226669,10.57007698,"unk","multi",10,12,"TL","p","",""
"Hypsopygia binodulalis","Hypsopygia binodulalis",41.0300322,29.6766152,33.411658,21.54166698,4.047265816,15.93818584,"unk","multi",10,12,"TL","p","",""
"Hypsoropha hormos","Hypsoropha hormos",38.9544407,30.3978789,34.95079,17.12916708,2.640154434,15.74477252,"Genus","multi",14,18,"TL","p","",""
"Hypsoropha monilis","Hypsoropha monilis",36.0933104,30.2926357,33.1444545,10.53750038,2.096845184,17.04113598,"Genus","uni",17,22,"TL","p","",""
"Idaea tacturata","Idaea tacturata",33.6291271,28.557051,30.697359,23.15833378,2.300925719,19.05624386,"unk","multi",13,21,"TL","p","",""
"Idia aemula","Idia aemula",45.3626262,32.8569922,41.144574,27.9958334,4.561419095,10.77581604,"detritus","multi",13,14,"TL","","",""
"Idia americalis","Idia americalis",46.770346,32.795998,41.426884,25.50833344,4.802906502,10.44586943,"detritus","multi",13,14,"TL","","",""
"Idia julia","Idia julia",44.35763626,33.2629622,38.833017,18.80416584,3.875420042,12.50840412,"multiFamily","multi",11,13,"TL","p","",""
"Idia lubricalis","Idia lubricalis",45.3053658,33.0608002,42.160645,23.56666666,4.377398242,9.998956772,"detritus","multi",18,21,"TL","","",""
"Idia rotundalis","Idia rotundalis",46.2082514,33.1731388,42.3401965,22.16250002,4.866430816,10.06374996,"detritus","multi",11,13,"TL","","",""
"Ilexia intractata","Ilexia intractata",39.1623745,30.3558056,34.740742,15.70833397,3.049201484,15.82888364,"Genus","multi",22,25,"WS","p","",""
"Iodopepla u-album","Iodopepla ualbum",45.1357858,30.3536736,41.381,19.20416689,5.676301748,11.84856005,"Genus","multi",18,18,"TL","p","missing?","Iodopepla ualbum"
"Iridopsis defectaria","Iridopsis defectaria",39.11221,27.6692552,32.71966,22.14166784,3.682184624,17.3048513,"multiFamily","multi",24,36,"WS","","",""
"Iridopsis vellivolata","Iridopsis vellivolata",45.3740762,31.474398,39.627119,22.70416629,5.166302725,11.91690976,"Family","multi",30,36,"WS","","",""
"Isa textua","Isa textula",43.132181,30.5883,39.035638,18.04999971,4.210315088,12.74030137,"multiFamily","multi",9,16,"TL","p","missing?","Isa textula"
"Isogona tenuis","Isogona tenuis",39.056334,29.163844,32.673707,19.06249905,3.411528247,17.40302371,"Genus","multi",13,16,"TL","p","",""
"Isturgia dislocaria","Isturgia dislocaria",39.0939726,29.3820479,30.4545605,17.80833435,3.393414301,18.13721003,"Genus","uni",30,38,"WS","p","",""
"Lacosoma chiridota","Lacosoma chiridota",42.5792326,30.5913876,36.99374,16.09583282,4.060054358,13.75633948,"Genus","multi",20,32,"WS","p","",""
"Lambdina pultaria","Lambdina pultaria",33.0943888,28.5974432,29.668889,5.883333206,1.854357635,19.68377194,NA,"uni",NA,NA,NA,"p","","Ellopia pultaria"
"Lapara coniferarum","Lapara coniferarum",40.085478,29.7223764,35.07731,17.41250086,3.7963853,15.51158019,"Genus","multi",30,35,"TL","p","",""
"Lascoria ambigualis","Lascoria ambigualis",44.2321116,32.835154,39.524503,20.03750014,3.954305569,11.27860857,"multiFamily","multi",12,14,"TL","p","",""
"Ledaea perditalis","Spargaloma perditalis",43.4316128,30.2903912,38.21972,19.0291667,4.832402994,13.22691955,"Species","multi",13,16,"TL","p","",""
"Lesmone detrahens","Lesmone detrahens",38.240116,28.535761,32.964854,19.66666651,3.570592982,17.40205592,"Genus","multi",27,31,"WS","p","",""
"Leucania adjuta","Leucania adjuta",39.2058111,27.5720209,32.9588005,18.97916555,4.263390243,17.05715636,"Family","multi",18,20,"TL","","",""
"Leucania incognita","Leucania incognita",32.336755,26.159806,28.028619,21.78333282,2.665869147,20.76861625,"multiFamily","multi",18,21,"TL","p","",""
"Leucanopsis longa","Leucanopsis longa",35.438876,27.183236,32.2678695,10.5666666,3.022293744,18.81318658,"Family","multi",22,25,"TL","","",""
"Lithacodes gracea","Lithacodes gracea",32.6046885,26.1751172,30.179032,7.795833588,2.14576061,20.37312498,"unk","multi",12,14,"TL","p","",""
"Litoprosopus futilis","Litoprosopus futilis",32.7944278,26.1809074,28.376774,17.79166603,2.161865756,21.10004473,"Genus","multi",22,25,"TL","p","",""
"Lobocleta ossularia","Lobocleta ossularia",38.0975658,27.649033,31.448202,18.03749943,3.242763427,17.98302538,"multiFamily","multi",13,19,"WS","p","missing?",""
"Lochmaeus bilineata","Lochmaeus bilineata",44.3259537,30.0954042,35.096803,20.89166665,4.995421294,14.25351541,"multiFamily","multi",18,23,"TL","","",""
"Lochmaeus manteo","Lochmaeus manteo",44.2544777,30.5445191,37.4288285,21.85416663,4.581155071,12.9211291,"Family","multi",20,27,"TL","","",""
"Lophosis labeculata","Lophosis labeculata",37.2581694,29.3642778,32.574131,17.18333244,3.255039133,17.29462169,"unk","multi",12,14,"WS","p","missing?",""
"Lycia ypsilon","Lycia ypsilon",37.0785092,28.9014646,30.247225,15.30416727,2.918305542,18.74236724,"multiFamily","uni",30,35,"WS","p","",""
"Macaria aequiferaria","Macaria aequiferaria",38.4376795,29.8430976,33.1007165,17.22499895,3.330936176,17.18066441,"Family","multi",22,28,"WS","p","",""
"Macaria bisignata","Macaria bisignata",44.5714865,35.6459992,41.6542885,19.32083273,3.233811633,9.999511719,"Genus","multi",26,34,"WS","p","",""
"Macaria distribuaria","Macaria distribuaria",39.681106,29.6359965,31.507125,15.59166622,3.119131152,17.83068633,"Genus","multi",30,40,"WS","p","",""
"Malacosoma americana","Malacosoma americana",45.0889508,32.7110134,39.148472,32.65416622,4.481250483,11.69416927,"multiFamily","single",15,24,"TL","","",""
"Malacosoma disstria","Malacosoma disstria",47.386338,29.732585,38.500033,25.87916589,6.533407385,12.39896787,"multiFamily","single",17,21,"TL","","",""
"Marathyssa inficita","Marathyssa inficita",45.1601968,30.6082063,39.6981105,20.24166656,5.025668916,11.70223707,"Genus","multi",14,17,"TL","p","",""
"Megalopyge crispata","Megalopyge crispata",40.8612373,30.450912,38.1724465,17.12499952,3.312464367,13.6857802,"multiFamily","multi",13,20,"TL","p","",""
"Megalopyge opercularis","Megalopyge opercularis",34.0229563,26.0823257,30.1986145,16.11250019,2.624157987,19.72609578,"multiFamily","multi",13,19,"TL","","",""
"Megalopyge pyxidifera","Megalopyge pixidifera",30.7584,26.502045,29.412633,5.479166031,1.608518808,21.26825763,"multiFamily","multi",14,17,"TL","p","missing?","Megalopyge pixidifera"
"Melanolophia canadaria","Melanolophia canadaria",43.6268629,33.261667,39.1343175,20.04166782,3.702520799,11.9996056,"multiFamily","multi",36,39,"WS","p","",""
"Metalectra discalis","Metalectra discalis",44.3217504,30.749,39.0094,25.82499957,4.760939716,12.5332603,"multiFamily","multi",20,27,"WS","p","",""
"Metallata absumens","Metallata absumens",34.3597202,13.585136,28.385194,17.74166679,3.863832117,21.42532898,"unk","multi",33,40,"WS","p","",""
"Metarranthis homuraria","Metarranthis homuraria",40.2601011,31.3981658,34.906812,12.68333244,3.194392413,14.78676699,"unk","multi",26,32,"WS","","",""
"Metarranthis obfirmaria","Metarranthis obfirmaria",44.677628,30.6375878,40.660363,17.86666608,4.747344137,11.43123135,"Genus","uni",26,36,"WS","p","",""
"Metria amella","Metria amella",32.0053765,27.648977,30.001289,11.58750057,1.702891632,20.14661843,"Genus","multi",20,22,"TL","p","",""
"Mocis disseverans","Mocis disseverans",30.3854726,9.6639284,27.672291,12.72916698,2.346391196,22.34793232,"Family","multi",22,26,"TL","p","",""
"Mocis latipes","Remigia latipes",32.5681044,9.7779386,27.587418,30.8708334,3.647395277,21.16745737,"Family","multi",19,23,"TL","","",""
"Mocis marcida","Remigia marcida",33.1298635,27.6553385,30.233876,15.4958334,1.961340178,19.67537657,"Family","multi",24,26,"TL","","",""
"Euclea semifascia","Monoleuca semifascia",37.63352,28.8211432,32.193783,14.64166641,3.100733328,18.05260012,"multiFamily","multi",8,12,"TL","p","missing?","Monoleuca semifascia"
"Morrisonia mucens","Achatia mucens",33.0169726,28.8107978,30.294787,12.02916622,1.945615994,19.29111552,"unk","multi",17,20,"TL","p","",""
"Mythimna unipuncta","Mythimna unipuncta",46.15693,30.42,39.643462,33.5999999,4.840068809,12.96812814,"multiFamily","multi",20,25,"TL","p","",""
"Nadata gibbosa","Nadata gibbosa",47.3813837,33.14768,40.305102,29.20833349,4.588845035,10.91624265,"multiFamily","multi",20,30,"TL","","",""
"Natada nasoni","Natada nasoni",39.5278268,30.52132,35.544519,14.7541666,2.980018384,14.8812352,"multiFamily","multi",10,15,"TL","p","",""
"Nematocampa resistaria","Nematocampa resistaria",47.2980906,30.310839,43.334148,28.19583344,5.426367523,9.525707623,"multiFamily","multi",19,25,"WS","","",""
"Nemoria lixaria","Nemoria lixaria",39.7684912,29.1421066,35.1524,17.66666698,3.531426012,15.87119363,"Genus","multi",22,32,"WS","p","",""
"Nepytia semiclusaria","Nepytia semiclusaria",35.8112786,29.6686252,32.674486,11.10416698,2.71589823,17.25284087,"Genus","uni",36,36,"WS","p","",""
"Norape cretata","Norape cretata",39.096294,32.045027,37.0077935,14.07499886,2.678584185,14.53511466,"multiFamily","uni",12,18,"TL","p","",""
"Norape ovina","Norape ovina",35.9530222,7.8926824,28.118799,20.02499962,4.395168182,19.92227411,"multiFamily","multi",12,18,"TL","","",""
"Ogdoconta cinereola","Ogdoconta cinereola",43.651184,30.1586304,35.867411,21.04166746,4.902977359,14.12457436,"Family","multi",12,13,"TL","p","",""
"Omphalocera munroei","Omphalocera munroei",38.9282462,29.464576,36.6264,11.39583302,3.36742654,15.9031385,"Genus","multi",13,18,"TL","p","",""
"Orgyia definita","Orgyia definita",45.075299,35.2374768,41.727101,21.76666653,3.871023249,9.530840351,"multiFamily","multi",12,18,"TL","p","",""
"Orgyia detrita","Orgyia detrita",30.5718603,27.9470725,29.6144075,16.23333359,1.314016661,20.73111499,"multiFamily","single",15,17,"TL","","",""
"Orgyia leucostigma","Orgyia leucostigma",45.4367598,33.6221959,40.9442715,28.35416591,4.483874634,10.75461753,"multiFamily","multi",15,22,"TL","","",""
"Oxydia vesulia","Oxydia vesulia",27.8817998,8.7052016,11,15.98749924,2.346241164,23.73563033,"Genus","multi",55,55,"WS","p","",""
"Palpita magniferalis","Palpita magniferalis",45.4975108,32.6664898,40.521867,22.37500024,5.178165336,10.96198938,"Genus","multi",23,27,"WS","p","",""
"Palthis asopialis","Palthis asopialis",42.361315,30.3866463,38.7113695,21.52500057,4.104806143,13.44647628,"multiFamily","multi",12,16,"TL","p","",""
"Pangrapta decoralis","Pangrapta decoralis",45.095011,32.4880002,38.753115,24.0291671,4.631186623,12.10559895,"Family","multi",11,15,"TL","","",""
"Panopoda carneicosta","Panopoda carneicosta",41.8849063,30.2310567,35.5445035,18.63333225,4.065067727,14.49721058,"Genus","multi",21,15,"TL","p","",""
"Panopoda repanda","Siavana repanda",32.7543083,27.20382833,29.862735,16.81666565,2.342541826,20.32531052,"species","multi",21,25,"TL","","",""
"Panopoda rufimargo","Panopoda rufimargo",44.3046078,32.523703,39.26337,20.81666708,4.374612608,12.02559454,"Family","multi",22,25,"TL","p","",""
"Pantographa limata","Pantographa limata",44.705719,33.927904,41.377713,23.36666584,4.503083568,10.3412727,"multiFamily","multi",36,38,"WS","p","",""
"Paonias excaecata","Paonias excaecata",46.9667114,35.9081486,43.408534,23.85416645,3.784731481,8.291399896,"multiFamily","multi",35,50,"TL","p","",""
"Patalene olyzonaria","Patalene olyzonaria",42.6709878,32.9541144,39.010672,23.75000024,3.467242024,12.55632441,"Family","multi",32,39,"WS","","",""
"Peridea angulosa","Lophodonta angulosa",44.705813,30.4179592,40.253394,22.12083399,5.063088589,11.82932122,"genus","multi",19,26,"TL","","",""
"Pero honestaria","Pero honestaria",45.4998236,39.6000866,42.7842235,26.00000095,3.007671625,8.371439911,"multiFamily","multi",34,36,"WS","p","",""
"Phaeoura quernaria","Phaeoura quernaria",45.0678097,30.2088723,41.0904325,22.7833329,5.185559122,11.36478557,"multiFamily","multi",37,57,"WS","p","missing?",""
"Phalaenostola larentioides","Phalaenostola larentioides",44.7056278,35.21696,41.336045,17.50833249,3.505694736,10.23898173,"multiFamily","multi",10,13,"TL","p","",""
"Phigalia denticulata","Phigalia denticulata",39.26802,31.634641,34.562423,13.38333368,2.684881902,15.61509625,"multiFamily","uni",30,37,"WS","p","",""
"Phigalia strigataria","Phigalia strigataria",43.4654839,29.8344103,33.39568,21.92083293,5.192629799,14.95968461,"multiFamily","uni",30,38,"WS","p","missing?",""
"Phigalia titea","Phigalia titea",45.3192403,30.4178892,43.217815,21.39583385,4.737453623,9.319089566,"multiFamily","uni",30,40,"WS","p","",""
"Phoberia atomaris","Phoberia atomaris",42.44926,29.9911366,33.513653,26.88749909,4.419284272,15.367416,"genus","single",18,23,"TL","","",""
"Phyllodesma americana","Phyllodesma americana",49.441084,35.5445039,44.6575395,28.72916603,4.437463008,7.615588143,"multiFamily","uni",15,25,"TL","p","",""
"Phyllodesma occidentis","Phyllodesma occidentis",32.8509984,29.9801246,30.637541,9.133333206,1.362579249,18.99053671,"unk","uni",15,25,"TL","p","",""
"Phyprosopus callitrichoides","Phyprosopus callitrichoides",38.6390732,29.5908674,32.478869,18.9124999,2.941168526,17.64967471,"Genus","multi",16,18,"TL","p","",""
"Pilocrocis ramentalis","Pilocrocis ramentalis",39.3725164,10.6137179,30.1037805,26.53749949,4.837505207,18.92019418,"multiFamily","single",24,29,"WS","","",""
"Platynota rostrana","Platynota rostrana",32.857028,26.1010875,30.25613,16.70000076,2.092773372,20.18779473,"multiFamily","multi",7,10,"TL","p","",""
"Pleuroprucha insulsaria","Pleuroprucha insulsaria",44.1355864,30.1597885,39.121601,25.85833347,4.790039786,12.79250953,"multiFamily","multi",14,20,"WS","p","",""
"Plusiodonta compressipalpis","Plusiodonta compressipalpis",38.2035678,26.2054249,32.4876845,22.98749948,3.725957515,17.86200304,"Genus","multi",14,18,"TL","p","",""
"Polygrammate hebraeicum","Polygrammate hebraeicum",41.3116922,30.9429768,36.883826,16.23333359,3.420798989,13.88350362,"genus","multi",13,15,"TL","","",""
"Polygrammodes flavidalis","Polygrammodes flavidalis",42.0234568,32.3572796,39.221475,21.30000019,3.540454411,12.49526853,"Species","multi",24,35,"WS","p","",""
"Prionoxystus robiniae","Prionoxystus robiniae",42.8040874,27.6489854,35.010654,25.529167,5.215940994,15.4668619,"multiFamily","multi",27,45,"TL","p","",""
"Prochoerodes lineola","Prochoerodes lineola",45.3881756,32.631664,41.232763,26.7958343,4.566018155,10.52232186,"multiFamily","multi",43,46,"WS","","",""
"Prolimacodes badia","Prolimacodes badia",42.4394941,30.0982299,38.741797,24.34166741,4.143148107,13.34813511,"multiFamily","multi",12,17,"TL","p","",""
"Properigea tapeta","Properigea tapeta",32.7070968,29.0429196,30.9212005,6.0625,1.421826463,19.09218764,"unk","multi",13,15,"TL","p","",""
"Prosoparia floridana","Prosoparia floridana",30.4600269,27.1782,27.619354,5.783334732,1.430322901,21.33930569,"unk","multi",11,15,"TL","p","missing?",""
"Psamatodes abydata","Macaria abydata",32.3115503,21.0165116,27.8767215,20.9041667,2.332806299,21.07539651,"multiFamily","multi",26,34,"WS","p","",""
"Psaphida resumens","Psaphida resumens",42.9620439,30.1980817,35.544488,20.02500057,4.77866604,14.27433969,"Genus","uni",20,21,"TL","p","",""
"Pseudanthracia coracias","Zale coracias",34.0278125,27.5137705,29.686476,8.795832634,1.957835407,20.12161441,"unk","multi",34,35,"WS","p","missing?","Zale coracias"
"Ptichodis herbarum","Ptichodis herbarum",35.190115,30.6029276,33.216944,15.29583406,1.871356457,17.34004765,"Genus","multi",15,18,"TL","p","",""
"Ptichodis vinculum","Ptichodis vinculum",30.422626,27.1804158,29.4246515,12.89583397,1.605290974,21.03232567,"unk","multi",23,23,"TL","p","",""
"Pyralis manihotalis","Pyralis manihotalis",29.659879,-18.121056,12.927349,14.66666698,2.781617683,23.22393345,"unk","multi",8,10,"TL","p","",""
"Pyrrharctia isabella","Pyrrharctia isabella",46.590406,37.7754354,42.4470655,28.28749979,3.11621302,9.557780472,"multiFamily","multi",24,33,"TL","p","",""
"Renia flavipunctalis","Renia flavipunctalis",45.649991,36.3167068,43.820592,22.7333328,3.698889671,7.976378174,"multiFamily","multi",16,17,"TL","p","",""
"Renia fraternalis","Renia fraternalis",36.19709,27.3308012,32.5205555,12.85416698,3.282992872,17.89463384,"multiFamily","multi",14,16,"TL","p","",""
"Samea ecclesialis","Samea ecclesialis",32.6849404,9.772877,28.560273,20.24166584,2.640082969,21.02839202,"unk","multi",16,20,"WS","p","",""
"Samea multiplicalis","Samea multiplicalis",30.9377294,10.6645,29.668658,18.80000114,1.965497126,20.54439947,"multiFamily","multi",16,20,"WS","p","missing?",""
"Schinia sanguinea","Schinia sanguinea",43.2309179,28.3716848,33.632142,18.59583378,5.070285853,16.0771241,"Species","uni",15,18,"TL","p","",""
"Schinia sordidus","Schinia sordida",35.638868,27.2962975,31.9935715,12.77500057,2.820338744,18.245591,"Genus","uni",10,12,"TL","p","missing?","Schinia sordida"
"Schinia trifascia","Schinia trifascia",41.8468068,29.6682656,35.250384,18.61250067,4.30760692,15.02913367,"Family","uni",12,17,"TL","p","",""
"Schizura ipomoeae","Schizura ipomoeae",49.2003,32.54007,41.5912,21.32916749,4.954737876,11.12364805,"multiFamily","multi",20,25,"TL","","",""
"Schizura leptinoides","Schizura leptinoides",50.67,33.82052,41.746294,24.44583416,5.591813947,9.172151616,"multiFamily","multi",22,26,"TL","p","Oedemasia leptinoides",""
"Coelodasys unicornis","Schizura unicornis",51.98,33.82708,43.540001,25.62499976,5.150893615,9.096865177,"multiFamily","multi",18,25,"TL","p","Schizura unicornis",""
"Scolecocampa liburna","Scolecocampa liburna",41.5763972,30.6084547,37.0166785,23.74583268,3.656373941,13.82369113,"detritus","multi",19,24,"TL","","",""
"Scopula compensata","Scopula compensata",32.7539574,26.1800059,30.1630935,11.88333416,2.286618843,19.68359577,"unk","multi",15,15,"WS","p","missing?",""
"Scopula lautaria","Scopula lautaria",32.5741524,25.8690725,30.0982295,9.262499809,2.142965937,20.37969484,"unk","multi",11,16,"WS","p","",""
"Scopula limboundata","Scopula limboundata",45.5414175,34.803464,41.6488885,22.50833242,3.972368995,9.773897238,"multiFamily","multi",20,31,"WS","p","",""
"Scopula timandrata","Scopula timandrata",31.579845,29.6100244,29.668569,2.274999619,0.773204303,19.93429477,"unk","multi",24,27,"WS","p","",""
"Spilosoma congrua","Spilosoma congrua",45.0829702,32.4797229,37.899643,23.46666646,4.688256756,12.2923456,"multiFamily","multi",19,24,"TL","","",""
"Spilosoma virginica","Spilosoma virginica",48.3976696,32.6911076,42.373178,28.14166737,4.705888213,10.4332481,"multiFamily","multi",17,26,"TL","p","",""
"Spodoptera eridania","Spodoptera eridania",32.9647348,-15.7993186,27.661652,20.09583282,3.168243544,20.79476874,"multiFamily","multi",18,24,"TL","","",""
"Spodoptera frugiperda","Spodoptera frugiperda",42.4746066,21.1727069,30.425734,32.05416727,5.411996411,17.84924671,"multiFamily","multi",16,19,"TL","p","",""
"Spodoptera ornithogalli","Spodoptera ornithogalli",41.4181115,29.583614,34.5070345,27.96250053,4.241336876,15.53909227,"multiFamily","multi",18,24,"TL","p","",""
"Stenaspilatodes antidiscaria","Stenaspilatodes antidiscaria",39.7642529,29.5746539,34.75819,10.91666603,3.728944337,16.12371036,"unk","multi",28,28,"TL","p","",""
"Symmerista albifrons","Symmerista albifrons",45.1874876,30.4838962,39.243997,22.61250019,5.294082463,11.92547961,"Family","multi",18,22,"TL","","",""
"Tetanolita floridana","Tetanolita floridana",41.1660252,29.0347222,34.9012865,18.32916594,4.234073024,15.46003687,"multiFamily","multi",11,13,"TL","p","",""
"Tetanolita mynesalis","Tetanolita mynesalis",39.1934632,29.8924631,35.684666,18.74166632,3.437326213,15.54654128,"multiFamily","multi",11,13,"TL","p","",""
"Tolype notialis","Tolype notialis",35.8336782,29.8710484,33.261805,13.875,2.981768124,16.80725801,"multiFamily","multi",16,20,"TL","p","",""
"Tornos scolopacinaria","Tornos scolopacinaria",36.5542548,29.3804553,32.4343055,13.22499943,2.503616577,17.89111933,"Family","multi",25,28,"WS","p","",""
"Virbia aurantiaca","Virbia aurantiaca",42.658215,26.5767238,32.680727,28.84166741,5.804644187,16.43731002,"multiFamily","multi",10,14,"TL","p","",""
"Virbia laeta","Virbia laeta",46.7493665,30.098225,42.8684295,24.37916583,6.796805445,10.91771084,"multiFamily","multi",11,13,"TL","p","",""
"Virbia rubicundaria","Virbia rubicundaria",44.4876708,26.6418743,32.23135,20.12083387,5.830402062,16.77264493,"multiFamily","multi",10,12,"TL","p","",""
"Xanthopastis regnatrix","Xanthopastis regnatrix",34.3888152,25.4183976,29.90322,14.26666641,3.027726523,20.46198888,"Family","uni",21,24,"TL","p","",""
"Xestia dilucida","Xestia dilucida",46.2990482,33.9402362,42.300568,19.62916696,4.386845337,9.372377522,"Family","single",18,21,"TL","","",""
"Xystopeplus rufago","Xystopeplus rufago",43.2088178,30.2747185,37.837161,17.7166667,4.439969788,13.60988887,"multiFamily","uni",17,19,"TL","p","",""
"Zale aeruginosa","Zale aeruginosa",48.0781742,32.4069587,41.41666855,24.266666,5.637015646,9.977915068,"multiFamily","multi",35,42,"WS","p","",""
"Zale calycanthata","Zale calycanthata",35.3252204,29.6781233,30.427691,12.29166698,2.510095485,17.91571965,"Genus","uni",42,45,"WS","p","",""
"Zale declarans","Zale declarans",32.379478,27.1702,28.700001,6.091667175,1.493701565,21.17125858,"Species","multi",35,40,"WS","p","",""
"Zale horrida","Zale horrida",46.058701,34.9069806,41.804972,21.98749948,4.299185632,9.594289427,"Genus","multi",35,40,"WS","p","",""
"Zale intenta","Zale intenta",46.629641,33.2626836,42.504775,18.24166703,4.80190967,9.326373082,"Genus","uni",40,45,"WS","p","",""
"Zale lunata","Zale lunata",43.4411194,30.1986526,37.218882,27.94999915,4.539751417,14.21982667,"multiFamily","multi",40,55,"WS","p","",""
"Zale metatoides","Zale metatoides",45.425839,34.2056811,40.2601055,16.5999999,3.976242631,10.77213302,"Genus","uni",32,40,"WS","p","",""
"Zale obliqua","Zale obliqua",40.239826,30.11221,33.831,13.87083244,3.286992314,16.01037519,"Genus","multi",35,40,"WS","p","",""
"Zanclognatha atrilineella","Zanclognatha atrilineella",34.4908907,30.098227,33.188068,7.525000572,1.642088373,17.50684517,"multiFamily","multi",12,15,"TL","p","",""
"Zanclognatha jacchusalis","Zanclognatha jacchusalis",46.6661142,39.7340944,43.274639,25.25833344,2.992564423,7.723379851,"multiFamily","multi",17,18,"TL","p","",""
"Zanclognatha marcidilinea","Zanclognatha marcidilinea",45.082603,35.5444125,41.6842595,19.00416744,3.759696566,9.839359313,"multiFamily","multi",17,18,"TL","p","",""
"Zanclognatha obscuripennis","Zanclognatha obscuripennis",40.1566036,32.37711504,35.7801,13.42916584,2.918688148,14.38909769,"multiFamily","multi",12,15,"TL","p","",""
"Zanclognatha protumnusalis","Zanclognatha protumnusalis",46.1948158,35.5854482,43.359241,19.22916722,3.752313258,8.623800497,"multiFamily","multi",12,13,"TL","p","",""
"Zanclognatha theralis","Zanclognatha theralis",47.3682425,32.818812,41.785064,19.94999975,5.546480579,9.991462254,"multiFamily","multi",12,15,"TL","p","",""
